First Last,First,Last,Company,Domain
Hadi Hashemi,Hadi,Hashemi,Dentistry @ Its Finest,www.finestdentistry.com
Randall Lawson,Randall,Lawson,College Avenue Dental,www.collegeavenuedental.com
Bryant Ash,Bryant,Ash,Smiles For Life Dentistry,www.drhartmandentistry.com
Carl Riccoboni,Carl,Riccoboni,"Carl C. Riccoboni, D.D.S., Inc",www.riccobonidental.com
Nicholas Maffeo,Nicholas,Maffeo,Las Vegas Dental Group,www.lasvegasdentalgroup.com
Holly Bradford,Holly,Bradford,Dawson Family Dentistry Pc,www.daytondawsondds.com
Maryland Shotwell,Maryland,Shotwell,"Bayshore Dental Studio, Llc",www.bayshoredentalstudio.com
Ma Kriselda Sayoc,Ma,Sayoc,Alliance Dental Center,www.alliancedentalcenter.org
Sejal Shah,Sejal,Shah,Tranquility Dental,www.tranquilitydentalmn.com
Anita Wells,Anita,Wells,Renaissance Dental Center,www.northhillsdentists.com
Eugenia Harry,Eugenia,Harry,Healthy Smiles Family Dentistry,www.healthysmilestoday.com
Brian Willson,Brian,Willson,"Brian H. Willson, D.D.S., P.A.",www.smileteam.net
Hye Shin,Hye,Shin,Fairfax Dental Center,www.fairfaxdentalcenter.com
Magd Angie Hedlund,Magd,Hedlund,Esthetic Dental Solutions,www.estheticdentalsolutions.com
Anwar Ahmad,Anwar,Ahmad,Family And Cosmetic Dentistry,www.drrados.com
P.A Peter Scerbo,P.A,Scerbo,Florida Smiles Dental,www.floridasmilesdental.com
Paula Ottaway,Paula,Ottaway,Wellspring Dental,www.wellspringbk.com
Dylan Mcroberts,Dylan,Mcroberts,Total Health Dental Care,www.totalhealthdentalcare.com
Maja Martin,Maja,Martin,Village Dental,www.villagedentalraleigh.com
Gregory Guichet,,,Guichet And Guichet Dds Inc,www.guichetdental.com
