First Last,First,Last,Company,Domain
Agata Salazar,Agata,Salazar,7 to 7 Dental & Orthodontics,www.7to7dental.com
Charlie Mastrovich,Charlie,Mastrovich,"Mastrovich Charles, DDS",www.mastrovichdental.com
Cathie Hidalgo Seaman,Cathie,Seaman,Fredericksburg Smile Center,www.smilefredericksburg.com
James Donaghy,James,Donaghy,"Middletown Family Dentistry, P.A",www.middletownfamilydentistry.com
Santosh Mittal,Santosh,Mittal,"Comfort Care Dental, P.A",www.mycomfortcaredental.com
Artie Stanton,Artie,Stanton,"The Geller Dental Group, P.C",www.thegellerdentalgroup.com
Delmy Avila,Delmy,Avila,Childrens's Dentistry,www.little-teeth-big-smiles.com
Jay Bowling,Jay,Bowling,"West 10 Th Dental Group, P.C",www.west10thdentalgroup.com
Thi Tran,Thi,Tran,"Northcutt Dental, Practice, P.C",www.northcuttdental.com
Jason Dulgarian,Jason,Dulgarian,Smiles Of Chandler Pllc,www.smilesofchandler.com
Vivian Valdez,Vivian,Valdez,Family And Cosmetic Dentistry,www.drrados.com
Derek Walrod,Derek,Walrod,"Flatrock Family Dentistry, Pa",www.flatrockfamilydentistry.com
Parminder Atwal,Parminder,Atwal,Courtesy Dental & Orthodontics,www.courtesydental.com
Michael Mccunniff,Michael,Mccunniff,Advantage Dental,www.advantagedentalok.com
Zachary Reiff,Zachary,Reiff,Morrison Dental Group,www.morrisondentalgroup.com
Golnaz Samimifar,Golnaz,Samimifar,"Rocky View Dental Care, Pc",www.rockyviewdentalcare.com
Rachel Buchert,Rachel,Buchert,Grand Rapids Dental Care,www.grdental.com
Kristin Jorgensen,Kristin,Jorgensen,North Gwinnett Dental Care,www.sugarhilldentist.com
Heather Coubrough,Heather,Coubrough,"Longo Dental Associates, Pc",www.longodental.com
Rachel Erickson,,,Erickson Dental Care Llc,www.ericksondentalcare.com
