First Last,First,Last,Company,Domain
Dan Branca,Dan,Branca,Brandon Dental Care,www.brandondentalcare.com
John Vartanian,John,Vartanian,"John N. Vartanian Dds, Inc",www.mynewportbeachdentist.com
Pelin Montero,Pelin,Montero,Total Health Dental Care,www.totalhealthdentalcare.com
Val Bingham,Val,Bingham,"Eastern Idaho Endodontics, Pllc",www.eastidahorootcanals.com
Rita Salvi Platt,Rita,Platt,Healthy Smiles Family Dentistry,www.healthysmilestoday.com
Savita Chaudhry,Savita,Chaudhry,Dental Health Clinic,www.nudentalhealth.com
Juliana Arabia,Juliana,Arabia,Dentologie,www.dentologie.com
Tony Cucalon,Tony,Cucalon,Cucalon Orthodontics,www.drcucalon.com
Cornelia Ambrose,Cornelia,Ambrose,Acorn Dental Clinic,www.oakharbordentist.com
Lejla Streets,Lejla,Streets,CarolinasDentist.com,www.carolinasdentist.com
Magd Gordon Smith,Magd,Smith,"Facial Beauty Dental, Pllc",www.facialbeautydental.com
Joel Goldenberg Dds Fagd,Joel,Fagd,Island Dental Associates,www.islanddentalassociates.com
Denny Hatfield,Denny,Hatfield,"Dennis R. Hatfield, Dds, Pc",www.drhatfielddds.com
Lvif Robert A. Logan,Lvif,Logan,Integrated Dental Esthetics,www.doctorlogan.com
Kevin Lilly,Kevin,Lilly,Lilly Family Dentistry,www.lillyfamilydentistry.com
Ravinder Panesar,Ravinder,Panesar,Healthy Smiles Family Dentistry,www.healthysmilestoday.com
Loni Adebayo,Loni,Adebayo,We Smile Dental,www.wesmiledental.com
Lazaro Gavilla,Lazaro,Gavilla,Florida Smiles Dental,www.floridasmilesdental.com
Deborah Berlin,Deborah,Berlin,"Yosh Jefferson, Dmd",www.jeffersondental.com
Sunilkumarreddy Guddeti,,,Heather T. Hudkins Dds Pc,www.smilezonedentist.com
