First Last,First,Last,Company,Domain
Chan Thanh Chan,Chan,Chan,Bay Area Kids Dentist,www.bayareakidsdentist.com
Tariq Alsamaan,Tariq,Alsamaan,"All Care Dental, Inc.",www.allcaredental4u.com
Anna Abrahamian,Anna,Abrahamian,"Lahair & Gallagher Pediatric Dentistry & Orthodontics, LLC",www.fightingdecay.com
Sarah Parel,Sarah,Parel,Blue Hills Dental,www.bluehillsdental.com
Glen Bever,Glen,Bever,Oak Park Dental,www.oakparkdental.com
Addison Killeen,Addison,Killeen,Capital Dental Group,www.capitaldentalgroup.com
Steven Michael Wick,Steven,Wick,"The Incisal Edge, Inc.",www.incisaledge.com
Charles Lennon,Charles,Lennon,"Charles A Lennon, D.M.D., P.C",www.drlennon.com
Jill Miller,Jill,Miller,"Patricia E. Takacs, Dmd, Psc",www.beaumontfamilydentistry.com
Ryan Laws,Ryan,Laws,Aaron D Laws DMD,www.lawsfamilydental.com
Ashley Francis,Ashley,Francis,"Eastern Shore Dental Care (Formerly Billings & Murphy, DDS)",www.easternshoredentalcare.com
Ruth Chau Bergloff,Ruth,Bergloff,Higley Park Dental,www.higleyparkdental.com
Eric Leblanc,Eric,Leblanc,Horizon Dental Center,www.horizondentalcenter.com
Jenel Gibbs,Jenel,Gibbs,Tranquility Dental,www.tranquilitydentalmn.com
Bianca Hoffman,Bianca,Hoffman,Saddle Rock Pediatric Dentistry P.C,www.saddlerockpediatricdentistry.com
Sumeet Beri,Sumeet,Beri,Wheaton Cosmetic Dentistry,www.wheatoncosmeticdentist.com
Amy Vlachakis,Amy,Vlachakis,Healthy Smiles Family Dentistry,www.healthysmilestoday.com
Brett Moore,Brett,Moore,"Smile Design Dentistry, Pllc",www.smiledesigndentistry.com
Cortney Decker,Cortney,Decker,Oak Park Dental,www.oakparkdental.com
Meridith Maddox Gibbs,,,Gibbs Dentistry,www.gibbsdentistry.com
