First Last,First,Last,Company,Domain
Warren Chee,Warren,Chee,"Warren H. Chee, D.D.S",www.cheedental.com
Maria Jimenez,Maria,Jimenez,The Smile Center Family Dentistry,www.doctorshah.com
Tyler Phelan,Tyler,Phelan,"Dynamic Dental, P.C",www.dynamicdentalinc.com
Prosthodontist Gregory Boyajian,Prosthodontist,Boyajian,Gregory k Boyajian DDS,www.smilepalmbeach.com
Charise Petrelli,Charise,Petrelli,"Glen Ellyn Dentistry, Pc",www.glenellyndentistry.com
Jamie Marquez,Jamie,Marquez,"North Washington Dental Group, P.C.",www.northwashingtondental.com
Nazma Akuji,Nazma,Akuji,Dental Surgery,www.denture-design.co.uk
Julie Wallace,Julie,Wallace,Elk River Family Dentistry,www.elkriverfamilydentistry.com
Stuart Curry,Stuart,Curry,Stuart Curry Dentistry,www.currydentistry.com
Mike Chen,Mike,Chen,"Meridian Dental, Pllc",www.meridian-dental.com
Richard Robinson,Richard,Robinson,Santa Cruz Dental Group,www.santacruzdentalgroup.com
Donald Montano,Donald,Montano,Montano Orthodontics,www.montanosmile.com
Luiz Calixto,Luiz,Calixto,"Beautiful Smiles Dentistry, Inc.",www.jtdmd.com
Thomas Jones,Thomas,Jones,Kalmar Family Dentistry Llp,www.kalmarfamilydentistry.com
Brent Robinson,Brent,Robinson,"Brent M. Robinson, Dds, P.S",www.robinson-dental.com
Daniel Stobel,Daniel,Stobel,"Strobel Dentistry, Ltd.",www.strobeldentistry.com
Priyanka Amy Patel,Priyanka,Patel,DentaQuest Oral Health Center,www.dentaquestohc.com
Sahar Rezvani,Sahar,Rezvani,Northridge Dental Group,www.northridgedentalgroup.com
Greg Gor,Greg,Gor,Olympic Dental of Sugar Land,www.olympicdental.net
Michael Buckley,,,"Cape Cod Endodontics, P.C",www.capecodendodontics.com
