First Last,First,Last,Company,Domain
Seaback Katelyn,Seaback,Katelyn,Heather T. Hudkins Dds Pc,www.smilezonedentist.com
Atima Kamra,Atima,Kamra,"Complete Family Dentistry, Llc",www.cosmeticsolution.net
Dr Michael Burbach,Dr,Burbach,"Northstar Dental, Llc",www.northstardentalne.com
Mollie Mccabe,Mollie,Mccabe,Horizon Dental Center,www.horizondentalcenter.com
Walter Samuel,Walter,Samuel,South University Dental Associates,www.southuniversitydental.com
Richard Weber,Richard,Weber,"Bridgeton Dental Associates, P.A",www.pearlsmiles.com
Avi Shainhouse,Avi,Shainhouse,Periodontist,www.periodontal.co.uk
Binish Datto,Binish,Datto,Contemporary Dentistry L.L.C.,www.contempclindent.org
John Hagigeorges,John,Hagigeorges,Great Hill Dental Partners Llc,www.somerville.greathilldental.com
Susan Bracker,Susan,Bracker,"Susan L. Bracker, D.D.S",www.drsusanbracker.com
Lauren Westhead,Lauren,Westhead,Gavin Laidlaw Dental Solutions,www.gavinismydentist.com
Cecilia Leblanc,Cecilia,Leblanc,"Dynamic Dental, P.C",www.dynamicdentalinc.com
Marina Zats Rozhavsky,Marina,Rozhavsky,Brownridge William F DDS,www.hughesdental.com
Daniel Bade,Daniel,Bade,Daniel M. Bade Dds,www.badedds.com
Bill Williams,Bill,Williams,"Dynamic Dental, P.C",www.dynamicdentalinc.com
Jimoh Oludoun,Jimoh,Oludoun,Smile Dental Practice,www.smiledentalpractice.com
Tuanh Smith,Tuanh,Smith,Aurora Dental Care,www.auroradentalcare.com
Ali Alibakhshi,Ali,Alibakhshi,Shiloah Jacob DMD,www.germantownsmiles.com
Samuel Bacon,Samuel,Bacon,Simply Smile,www.simplysmiledentistry.com
Matthew May,,,"Robert S. Leland, Dmd, Pc",www.lelanddental.com
